date,asset,pred_mu,real_mu,pred_vol,real_vol,correct_dir
2021-01-04,SPY,0.234628790876681,0.4246549390986356,0.15013225861654778,0.16414691311798413,1
2021-01-04,QQQ,0.4059749475503469,0.6709905832657537,0.19706914038610152,0.2315817467384453,1
2021-01-04,TLT,0.10596978983858231,-0.6068866424347985,0.11336703138844545,0.11685115332709756,0
2021-01-04,IEF,0.05512558344930809,-0.18668228368568052,0.036588989179468664,0.03930708003556308,0
2021-01-04,SHY,0.013288841094340562,-0.004162162025910909,0.003846189802455257,0.0034523793895070427,0
2021-01-04,GLD,0.21923623215163782,-0.6989262911438043,0.16720092962212685,0.16595766981302418,0
2021-01-04,AAPL,0.12681525491690332,0.47416502692499707,0.6183579657778802,0.3574595354886081,1
2021-01-04,NVDA,0.8124490661706774,0.4633422717833966,0.3439533592589605,0.4280249874206353,1
2021-01-04,TSLA,1.2547605132321953,2.0973810098401215,0.8096905644447414,0.6402668533399243,1
2021-01-04,MSFT,0.40299023064342393,1.3612207802365694,0.24871305268607233,0.2825773442894372,1
2021-01-04,AMZN,0.42785049823613597,0.5085249233406599,0.29960491317931365,0.30224128071850526,1
2021-02-01,SPY,0.23589942278274045,0.18303843262123198,0.16144369128270622,0.16206942840011204,1
2021-02-01,QQQ,0.41712153850568845,-0.47612967199360634,0.2183335455291728,0.23875992209130145,0
2021-02-01,TLT,0.06835788643000618,-1.0101892275702058,0.11302210827493546,0.17270675622781728,0
2021-02-01,IEF,0.04234931106373734,-0.36294910361639765,0.03735368205002377,0.06727484201437137,0
2021-02-01,SHY,0.01231043292257388,-0.01665298370251822,0.0035721313930522796,0.007746675023303381,0
2021-02-01,GLD,0.16633639238585188,-0.9596827574642091,0.16520966202946138,0.1691693318137995,0
2021-02-01,AAPL,0.15385846492475871,-1.0837810776092542,0.518779546770475,0.30053970524655693,0
2021-02-01,NVDA,0.7723164091203596,-0.2648468264140518,0.37788579983548304,0.5259196529883348,0
2021-02-01,TSLA,1.306498911657847,-2.814827404336864,0.7322116851109974,0.6157990940319642,0
2021-02-01,MSFT,0.46533279747723194,-0.601011625604714,0.2749542272921684,0.2012496262804584,0
2021-02-01,AMZN,0.44552088500047804,-1.2499249301205761,0.305436679972021,0.2304416893539797,0
2021-03-01,SPY,0.2511472929762747,0.17177562982323913,0.16492530055548593,0.15021491133480805,1
2021-03-01,QQQ,0.3937168092063621,-0.30958315115338664,0.22641797779757503,0.2861380232720306,0
2021-03-01,TLT,0.00010813882591006519,-0.41033583961098774,0.1565425978892338,0.13856633843757823,0
2021-03-01,IEF,0.01628417070970924,-0.25771331060183567,0.057584371714712715,0.05466143457707057,0
2021-03-01,SHY,0.010589569543347319,-0.0013855004535696658,0.006382326637254373,0.003315660749257486,0
2021-03-01,GLD,0.09022805423238492,-0.2860116465365903,0.171342669969181,0.13464334526277308,0
2021-03-01,AAPL,0.10452462408815667,-0.7129381220996218,0.43841498711747096,0.326085788096134,0
2021-03-01,NVDA,0.7664757747304782,-0.7337698176856873,0.4502142360499804,0.5359547777828152,0
2021-03-01,TSLA,1.096837257128237,-1.0895348918512102,0.705037231912129,0.9169071041363301,0
2021-03-01,MSFT,0.42564368927860813,-0.228756031587817,0.2425964523968873,0.25827917763172914,0
2021-03-01,AMZN,0.3648470736711976,-0.31730035375347887,0.2740714026903597,0.26743423632692875,0
2021-04-01,SPY,0.25716057208668136,0.520983329448073,0.1519035980632168,0.10050281618007788,1
2021-04-01,QQQ,0.37031659125856703,0.4324626996940051,0.24775910158676798,0.14517655960196318,1
2021-04-01,TLT,-0.02007088004943214,0.09231869414140807,0.15014359324488083,0.09723802259478245,0
2021-04-01,IEF,-0.00101532454554103,0.0800542574493952,0.0550563219855406,0.043750567284091615,0
2021-04-01,SHY,0.009170576487276266,0.004180365545116249,0.004965927120907265,0.0036013365932679154,1
2021-04-01,GLD,0.08654014128370666,0.43053673228435274,0.1598615166304551,0.11120341946363778,1
2021-04-01,AAPL,0.0692723480748148,0.9200473588680564,0.37134097808812916,0.21559503211310252,1
2021-04-01,NVDA,0.7197205228512188,0.9371591714625005,0.48008964659861064,0.40354373572128505,1
2021-04-01,TSLA,0.9722387267427077,0.5538631149042339,0.7698807358641481,0.5477794486596349,1
2021-04-01,MSFT,0.41582939561161425,0.48020070146102567,0.2542569208925901,0.19378584872748464,1
2021-04-01,AMZN,0.3446740813463721,0.8486233806853103,0.2654178339586664,0.20687223218388845,1
2021-05-03,SPY,0.2751751743548888,0.0715843865084165,0.1279112811515714,0.13657231084582216,1
2021-05-03,QQQ,0.37366900316726537,-0.07858223026940703,0.2008229008608126,0.19880490301996762,0
2021-05-03,TLT,-0.012419713756966749,0.004676535651236158,0.1250683186075177,0.08944788684399849,0
2021-05-03,IEF,0.004542478400220112,0.03418935059379535,0.049241981022420785,0.03497337427512229,1
2021-05-03,SHY,0.008816617962815678,0.005569407020556305,0.004300338726650319,0.003568309097846386,1
2021-05-03,GLD,0.11058410379502213,0.7647679654836455,0.13822047056247214,0.09639700819777691,1
2021-05-03,AAPL,0.12725751980224226,-0.668219204388663,0.30089290374771116,0.24138819115007604,0
2021-05-03,NVDA,0.7325898981776907,1.5579171895956492,0.43622806722357116,0.4053967068467989,1
2021-05-03,TSLA,0.9403519877975453,-1.390398595049624,0.6632246837331313,0.4368053556823909,0
2021-05-03,MSFT,0.4186563958965794,-0.19663758063613068,0.22425653101405196,0.2173399424523907,0
2021-05-03,AMZN,0.3787403709038457,-0.53101099547907,0.23802968229418142,0.210904885432218,0
2021-06-01,SPY,0.2608773055404266,0.2418824176433368,0.1299546677676774,0.09421125260817048,1
2021-06-01,QQQ,0.3428203371293786,0.7621357528953183,0.19640529953192126,0.11331385013276891,1
2021-06-01,TLT,-0.01304921768612383,0.5308819986218394,0.108612564805825,0.13560741069057003,0
2021-06-01,IEF,0.005660386057255294,0.12553394144165608,0.042985105989586284,0.050504367194608546,1
2021-06-01,SHY,0.00851803111346637,-0.018072946829588155,0.00398678233131779,0.0062504525867096835,0
2021-06-01,GLD,0.1519735624147543,-0.8434481299173293,0.1193560591762319,0.16237383528410482,0
2021-06-01,AAPL,0.06799410383428472,1.1799290603351342,0.26976633844016645,0.15515421016619135,1
2021-06-01,NVDA,0.7684133926502472,2.5358655126516214,0.41851252369839526,0.29678773081342413,1
2021-06-01,TSLA,0.8099039004839855,1.1053719980199768,0.5610370428993546,0.3978910741504728,1
2021-06-01,MSFT,0.3781889241990919,1.0998356507398923,0.21874035106984915,0.13443143577260944,1
2021-06-01,AMZN,0.31384966515752144,0.8151249234826126,0.22202528864240167,0.17886804600283868,1
2021-07-01,SPY,0.2634757966359278,0.20412015725370436,0.11212023453220758,0.11292380008918403,1
2021-07-01,QQQ,0.37063657854994275,0.340565663043066,0.15708505031333903,0.10849574263507428,1
2021-07-01,TLT,0.022751880482019572,0.5404377747142077,0.12191204273923505,0.1500288222448136,1
2021-07-01,IEF,0.012561144931895826,0.29165039385143166,0.04562369821913942,0.057888434187943184,1
2021-07-01,SHY,0.006391949371103292,0.02506855405456232,0.00525167987755163,0.005632418306131007,1
2021-07-01,GLD,0.08669550997436315,0.24705969331299338,0.14255239947732623,0.08233123221371519,1
2021-07-01,AAPL,0.14552977926369992,0.7250297921729274,0.21852447186495152,0.22316912426650107,1
2021-07-01,NVDA,0.8944943357098429,-9.137516505953714,0.3594863116940426,2.6278229418565573,0
2021-07-01,TSLA,0.8269952298814839,0.6073075364521774,0.4725662611368069,0.34899432189115587,1
2021-07-01,MSFT,0.428186507240557,0.5806687625252778,0.17957634250999094,0.1430537815739787,1
2021-07-01,AMZN,0.3445698725613755,-0.298159102514437,0.19865079227395088,0.35597158847534693,0
2021-08-02,SPY,0.25933954381010105,0.38075786043179116,0.11086322667588701,0.0840447436140774,1
2021-08-02,QQQ,0.36829486272329776,0.5005622032227754,0.13440634009999958,0.10470874792598825,1
2021-08-02,TLT,0.057413941926076205,-0.14200972139748602,0.1344274057512408,0.10640280620803004,0
2021-08-02,IEF,0.03127022309952419,-0.09908983548124173,0.05175348797580379,0.04199640655038162,0
2021-08-02,SHY,0.007647474595252961,-0.00833507558044122,0.005372976015639669,0.004515903512922963,0
2021-08-02,GLD,0.09716364203956726,0.01674113576637335,0.11728320980610146,0.15223924606942454,1
2021-08-02,AAPL,0.18328968525497202,0.5266203901992217,0.21633885010735707,0.1877895219993595,1
2021-08-02,NVDA,0.2175666511731213,1.5709177473507379,1.8900746783613367,0.3683121887559923,1
2021-08-02,TSLA,0.8145485032371945,0.48486724251335733,0.4144185952238547,0.32985501904923,1
2021-08-02,MSFT,0.43785074077229846,0.7100039711435611,0.15934010435399165,0.15235627920186043,1
2021-08-02,AMZN,0.29820921652706334,0.5050016406543314,0.29686053393356554,0.16507076580011576,1
2021-09-01,SPY,0.2670013925951284,-0.4659901599750098,0.09673508395870418,0.1392561911414453,0
2021-09-01,QQQ,0.3775724097535129,-0.6497856066562102,0.11938703340046831,0.1474288849603279,0
2021-09-01,TLT,0.044546902776241536,-0.27796932963463794,0.11851318616165761,0.14910062767636226,0
2021-09-01,IEF,0.022443419666387326,-0.15633331295748798,0.046357542933640264,0.05389801346393281,0
2021-09-01,SHY,0.006405526352138631,-0.006949248615057968,0.004899430319191153,0.004763949215280265,0
2021-09-01,GLD,0.0922767512737348,-0.3557362929653851,0.12887185926268965,0.15095147316803623,0
2021-09-01,AAPL,0.20934781351775933,-0.7795263572427364,0.2017655334522681,0.21028569422776697,0
2021-09-01,NVDA,0.3096386145721727,-0.900901044149816,1.3501019781150065,0.2963833743158454,0
2021-09-01,TSLA,0.7893731556586886,0.6855292643290585,0.3674148016649353,0.2523884360573813,1
2021-09-01,MSFT,0.4542021682187585,-0.49486358878012565,0.15444363122473292,0.2128390311639443,0
2021-09-01,AMZN,0.3142043539441342,-0.6802250122102639,0.23930591070981702,0.16876879497199232,0
2021-10-01,SPY,0.21867185279834883,0.6987082497728032,0.12588081906139356,0.1042044620964026,1
2021-10-01,QQQ,0.3095503457223158,0.8861642826050566,0.1421681980337669,0.14085029979636143,1
2021-10-01,TLT,0.022899475865970645,0.09925769481698099,0.13472562250315026,0.14209949929357618,1
2021-10-01,IEF,0.010608271098918843,-0.11060301554441532,0.050649017679810754,0.04473228450735087,0
2021-10-01,SHY,0.005533907034246035,-0.05300157308119546,0.004866891880434643,0.0068509416323260346,0
2021-10-01,GLD,0.06308055205017737,0.21784609294158486,0.1394176301325855,0.1124062278428206,1
2021-10-01,AAPL,0.14400418749135085,0.5369262407247573,0.20773655762301763,0.18889440750611095,1
2021-10-01,NVDA,0.22920242129655524,2.7090390719659467,0.9782361703069546,0.3685436674351242,1
2021-10-01,TSLA,0.7825072678435762,5.501057476579806,0.31410811703405705,0.5078261207790683,1
2021-10-01,MSFT,0.3914844997252306,1.5909099231434083,0.1962612101624209,0.21188108537983927,1
2021-10-01,AMZN,0.24808738328835606,0.15687922565613954,0.21001919514772543,0.25130674072146897,1
2021-11-01,SPY,0.2501795530130371,-0.24284629676355074,0.1147224038695989,0.13304764851116227,0
2021-11-01,QQQ,0.3476896416023619,0.004630638102065543,0.1394768742262737,0.17280570018103392,1
2021-11-01,TLT,0.028300260079397864,0.49134997829674365,0.1378479341506543,0.1886742102891827,1
2021-11-01,IEF,0.0028958054593518335,0.1479143182304603,0.047460136449091035,0.08104487936187794,1
2021-11-01,SHY,0.001727560332692269,-0.0069011032132286765,0.006125573482032111,0.014038167697111668,0
2021-11-01,GLD,0.07314402586629076,-0.089302872296674,0.12598955150436322,0.1333596292393575,0
2021-11-01,AAPL,0.1696794170863426,1.2385619443897258,0.19803852390108623,0.2300257061419135,1
2021-11-01,NVDA,0.3930417259949388,2.5714926366100115,0.7460821488580857,0.6631971528487529,1
2021-11-01,TSLA,1.0949806760729472,-0.9738238681994786,0.4716626204906449,0.6501615281028518,0
2021-11-01,MSFT,0.4704364314431926,0.03972791102213513,0.21128473959999788,0.1704993201942785,1
2021-11-01,AMZN,0.24166646617030274,0.48679382813761984,0.23020253005449204,0.29231561429025454,1
2021-12-01,SPY,0.21729063093317771,0.6490842961182755,0.131256273857386,0.17062638339875233,1
2021-12-01,QQQ,0.3245377839679176,0.354201677634816,0.1620723611943352,0.23355193565481433,1
2021-12-01,TLT,0.05874931236605021,-0.32204639891104314,0.16680831367437451,0.13873115647204678,0
2021-12-01,IEF,0.012467618046892786,-0.09549625234419512,0.06711088492665268,0.04889883722019781,0
2021-12-01,SHY,0.0011535129509434045,-0.029381482075894638,0.010658495668828111,0.00923210458879171,0
2021-12-01,GLD,0.061789222777110325,0.34576516123259227,0.12812890647350178,0.08930200803198303,1
2021-12-01,AAPL,0.23946268635686363,0.9418887143377721,0.22329319349931354,0.2990343611565402,1
2021-12-01,NVDA,0.5309345692642125,-0.6076093704170407,0.6981936167235336,0.6336126686871987,0
2021-12-01,TSLA,0.9624215187143297,-0.25399355689585246,0.568924554812324,0.6009099383823631,0
2021-12-01,MSFT,0.4417531193574525,0.26147138212591203,0.19760563380561627,0.2773371112961603,1
2021-12-01,AMZN,0.25571230371158915,-0.3636623460593351,0.26108144238913106,0.22193150034844256,0
2022-01-03,SPY,0.24841804700672931,-0.5053898480229626,0.14729510457688355,0.1875098338449119,0
2022-01-03,QQQ,0.3329377667334131,-0.9951856706567556,0.19287001477758403,0.2810231334579711,0
2022-01-03,TLT,0.013578352848483835,-0.16681526808851244,0.16660879573333273,0.1378455348750965,0
2022-01-03,IEF,-0.0018540093688209907,-0.14559433069989325,0.06269866111318904,0.059151206229732536,1
2022-01-03,SHY,-0.001688880948187237,-0.07035212886034392,0.009935653169274482,0.012037482454428918,1
2022-01-03,GLD,0.06789189310756238,0.04357616451228363,0.1178298268107577,0.12349931930309073,1
2022-01-03,AAPL,0.30272972431650363,-0.36306282367982484,0.25847905496361984,0.3294586655191942,0
2022-01-03,NVDA,0.476253587839759,-1.9706332335423011,0.6452098812500745,0.5445327737396891,0
2022-01-03,TSLA,0.9911863524186704,-3.101373275471692,0.6798361017475318,0.723309575776942,0
2022-01-03,MSFT,0.4251999765652564,-0.7412297412870901,0.2312902124142251,0.3098589075019664,0
2022-01-03,AMZN,0.23240186919925887,-1.415300747617526,0.2429687826896483,0.3592011815309516,0
2022-02-01,SPY,0.1946553529874682,-0.44049682573377025,0.1725550087336874,0.22776810608872822,0
2022-02-01,QQQ,0.24470453067983966,-0.7375250241604259,0.24788382426465488,0.32412455892345654,0
2022-02-01,TLT,-0.000332857976434276,-0.3111211100076883,0.15498304309183547,0.20448577289551936,1
2022-02-01,IEF,-0.01243750651985778,-0.039730790191580635,0.061222900971679955,0.10468978509701052,1
2022-02-01,SHY,-0.006241813745705319,-0.06619076114375133,0.011062398893475095,0.02897912273508407,1
2022-02-01,GLD,0.06344723962308224,0.8738874152527054,0.12123881552391487,0.1273612612402558,1
2022-02-01,AAPL,0.25798506641720326,-0.5617725663302955,0.3093851714583379,0.24112378153800715,0
2022-02-01,NVDA,0.3058129820724497,-0.22586404707139884,0.6092858115565672,0.6992124215259016,0
2022-02-01,TSLA,0.7569143040378407,-1.0689176150004558,0.7380628515698098,0.6077082658204257,0
2022-02-01,MSFT,0.34233348305484246,-0.4520539282036715,0.27114506898329516,0.3467881892910623,0
2022-02-01,AMZN,0.13265478468127703,-0.07823846279466196,0.31915286464442943,0.6366550065419628,0
2022-03-01,SPY,0.14533034924838423,0.8039301582860405,0.1993732188204764,0.22680807023302074,1
2022-03-01,QQQ,0.18231764741116943,0.9210036003817113,0.2853392456882553,0.33110765468659886,1
2022-03-01,TLT,-0.0008203304614516028,-0.8115036530285109,0.16281972517613746,0.23276768132287695,1
2022-03-01,IEF,-0.00552003308552804,-0.6297268405094103,0.07837563145288927,0.10839127987949221,1
2022-03-01,SHY,-0.007424062171387707,-0.19677669878710047,0.02029021110755103,0.020466292897708967,1
2022-03-01,GLD,0.11881614327107175,-0.04611996879773628,0.12787519571518555,0.21849149731917275,0
2022-03-01,AAPL,0.19328973186440773,1.0765950729071223,0.2807225156278646,0.31872820431527776,1
2022-03-01,NVDA,0.2649314905329691,2.227458022950784,0.656726104322956,0.7156619718343803,1
2022-03-01,TSLA,0.6682457267528211,3.012891957815325,0.6896610566964183,0.6006863174133709,1
2022-03-01,MSFT,0.29182931123860617,0.8005830246581622,0.30989349107282926,0.33701922749260593,1
2022-03-01,AMZN,0.13547275234678213,1.2333019712365814,0.47020178873641993,0.41939676261902215,1
2022-04-01,SPY,0.1763766870430304,-0.9782321929229316,0.20821043934216013,0.24644374936904181,0
2022-04-01,QQQ,0.2175514907690046,-1.4581076710443304,0.2969761219611671,0.34385566291188685,0
2022-04-01,TLT,-0.04682833480933858,-1.3649616824697328,0.19038605505164038,0.1725732654342704,1
2022-04-01,IEF,-0.04857222718743208,-0.5261226103971746,0.09365265926594206,0.08654398297420256,1
2022-04-01,SHY,-0.02108157015252094,-0.04751351511378088,0.021032188299264187,0.020861694544268283,1
2022-04-01,GLD,0.10289934574576225,-0.3589454204695852,0.16788402406276512,0.12935674386031606,0
2022-04-01,AAPL,0.23366049642712322,-1.0110766684195682,0.28995225889420934,0.3355064336073865,0
2022-04-01,NVDA,0.3597360257587756,-3.4841432497253138,0.6682050015922731,0.6516794156253061,0
2022-04-01,TSLA,0.8072932525635302,-1.9026102220434007,0.6329715573552074,0.6440759409927477,0
2022-04-01,MSFT,0.312294453866805,-1.0417290073275112,0.30969718575347915,0.4059941055031475,0
2022-04-01,AMZN,0.19186030465834442,-3.0854220687646476,0.4261222204524956,0.616916579581045,0
2022-05-02,SPY,0.10110643815644162,-0.09537948286908593,0.2396537219770648,0.31324191078536145,0
2022-05-02,QQQ,0.11293018809435439,-0.3959306640713365,0.3343406102763925,0.4167240469384777,0
2022-05-02,TLT,-0.13376642614548354,-0.07650391440755966,0.1851795837865714,0.21560450955606783,1
2022-05-02,IEF,-0.07924251694664379,0.08548914216174808,0.0909172993323716,0.09724509359222122,0
2022-05-02,SHY,-0.022476287323758018,0.04074189199861822,0.021096625614721587,0.02299612241387357,0
2022-05-02,GLD,0.07151289227536335,-0.08889804502598553,0.1542882672886101,0.13141395013555557,0
2022-05-02,AAPL,0.14939313164509513,-0.6061373443644893,0.32319284007409,0.4933960619173419,0
2022-05-02,NVDA,0.12053909829447614,-0.47343377010413557,0.6859474951047307,0.7852017684376282,0
2022-05-02,TSLA,0.6353420597706277,-2.0040915138360442,0.6527908892648931,0.8723586223714741,0
2022-05-02,MSFT,0.23706219739543294,-0.44972813014795676,0.3716031296533648,0.3792710878460513,0
2022-05-02,AMZN,-0.012477890971444021,-0.10829216568257927,0.5737944193290666,0.5864950299277003,1
2022-06-01,SPY,0.0898646187247913,-0.816233840308147,0.2712103139671335,0.2998873986499661,0
2022-06-01,QQQ,0.08292964259357972,-0.9065761155728973,0.36768702221332733,0.3712345862411395,0
2022-06-01,TLT,-0.13032452468755282,-0.01766441800515217,0.19899834949210732,0.2228436408027674,1
2022-06-01,IEF,-0.06931758215989865,0.08113370551536914,0.09460255467975903,0.1268693205309973,0
2022-06-01,SHY,-0.018641082122827515,-0.024038504094931135,0.02221817513692015,0.03320053783913811,1
2022-06-01,GLD,0.06172274802225538,-0.2650492382801599,0.14124894635411445,0.14724425715171197,0
2022-06-01,AAPL,0.10406454025124517,-0.7413860316013778,0.4044493403023514,0.3913017752177876,0
2022-06-01,NVDA,0.0864624494428861,-2.57704489234085,0.7217288382458941,0.638688351646924,0
2022-06-01,TSLA,0.47512863123893684,-0.7304418278840359,0.7629016448452928,0.7302745787113548,0
2022-06-01,MSFT,0.19640735262201672,-0.5154382829297948,0.3656797990613144,0.3632455552564724,0
2022-06-01,AMZN,-0.01446747173027618,-12.745736553515163,0.5749454458749562,3.3104216537108204,1
2022-07-01,SPY,0.034827345002830225,0.834316180228158,0.28172793122139134,0.19062115600758978,1
2022-07-01,QQQ,0.022589034745657967,1.333145171594524,0.3630769619877955,0.2638824174099375,1
2022-07-01,TLT,-0.12230283741244945,0.19060960501008095,0.20988725520755366,0.19312669911511499,0
2022-07-01,IEF,-0.05925787847070926,0.10957049390768381,0.11135087383462032,0.10640764237044555,0
2022-07-01,SHY,-0.018769407950127878,-0.041725777267211495,0.027657863872915776,0.02476754687071156,1
2022-07-01,GLD,0.041370356553881736,-0.29867150089996386,0.13893823403039782,0.14088858375501065,0
2022-07-01,AAPL,0.0532793609520898,1.730756342303867,0.39135989662209875,0.2513270916097694,1
2022-07-01,NVDA,-0.07905000776282026,3.0454846098492965,0.6726881623102454,0.4773100226638304,0
2022-07-01,TSLA,0.40143662486305487,3.5211348465314716,0.7307629641086072,0.5530429804348781,1
2022-07-01,MSFT,0.1536922400258333,0.7430514351129722,0.3613869278658739,0.3497430016415671,1
2022-07-01,AMZN,-0.7816553634783824,2.572081157813718,2.0829791485357485,0.528266128649571,0
2022-08-01,SPY,0.08936922069543024,-0.3529779540787792,0.24719944399715682,0.20126621553732163,0
2022-08-01,QQQ,0.10551386927006363,-0.5208121171729863,0.3283545368799757,0.2651838103030917,0
2022-08-01,TLT,-0.08720467052088512,-0.7111548882971577,0.1960986413801851,0.1901247932006794,1
2022-08-01,IEF,-0.038401144365174895,-0.4869746799067203,0.10316517322660133,0.09487802815757611,1
2022-08-01,SHY,-0.01753488639112601,-0.09558990232341458,0.025088574469461836,0.02249665476307268,1
2022-08-01,GLD,0.02630329424718804,-0.32593006191162877,0.13767181444403068,0.12217371557882432,0
2022-08-01,AAPL,0.16310652632408962,-0.16064747508042254,0.340157569593975,0.26752473473138366,0
2022-08-01,NVDA,0.10898262428477097,-1.9282484547601277,0.6106797723189042,0.5969161621534871,0
2022-08-01,TSLA,0.5870281640172195,-8.7040947002859,0.6702552981580833,2.3413600646177266,0
2022-08-01,MSFT,0.19970949529587462,-0.6374831874594507,0.3657777383680673,0.2464120801085987,0
2022-08-01,AMZN,-0.5699350235584186,-0.5445199469308956,1.5694860106548771,0.35487250621554334,1
2022-09-01,SPY,0.05746360342768586,-0.9034131393995488,0.22276811052356452,0.2622937790554948,0
2022-09-01,QQQ,0.061260739712714375,-1.0380552992204417,0.29181160226418734,0.30228793665377374,0
2022-09-01,TLT,-0.14655237749135352,-0.6203068823594453,0.1923265882044809,0.24186075917514885,1
2022-09-01,IEF,-0.07565064377102436,-0.3590819367090621,0.09862917974374617,0.13598453107011246,1
2022-09-01,SHY,-0.023660367856491078,-0.12447014549709046,0.022782962940210406,0.026707612027912837,1
2022-09-01,GLD,-0.008049542057805817,0.05676337963880758,0.12692741288456807,0.17329968078456623,0
2022-09-01,AAPL,0.13618715296359377,-1.1652687589706567,0.29888586525634087,0.38651221020510296,0
2022-09-01,NVDA,-0.09320196328707131,-1.1748057714072773,0.6293761382105247,0.48601587158389553,1
2022-09-01,TSLA,0.008562651834959772,-1.454985592069896,1.8322120574650882,0.5506918302962743,0
2022-09-01,MSFT,0.13870969641677428,-0.8947189532876867,0.3041934507599657,0.3077621227705577,0
2022-09-01,AMZN,-0.5720784222260547,-1.095695792475054,1.1010390437101008,0.4027320175671896,1
2022-10-03,SPY,-0.00100375742528392,0.6069963474600613,0.24377320889605575,0.2677607105773223,0
2022-10-03,QQQ,-0.005628681511560118,0.12022415268908881,0.2948214309123764,0.3277785946859461,0
2022-10-03,TLT,-0.1751732738314525,-0.8268759141069562,0.22178181040817227,0.18780016016717374,1
2022-10-03,IEF,-0.0926514760804663,-0.34105852665934133,0.12221452893756568,0.0921716843347883,1
2022-10-03,SHY,-0.029741976606440845,-0.07377468296511269,0.0248890616815334,0.023423458275864104,1
2022-10-03,GLD,-0.003633650306401299,-0.3724441707495263,0.15600059329343297,0.14308932397386526,1
2022-10-03,AAPL,0.056583343808105924,0.7552466479159481,0.34739461599516197,0.4200810684752579,1
2022-10-03,NVDA,-0.15852711973710054,1.1142794387743011,0.5568005501573337,0.5812546227090504,0
2022-10-03,TSLA,-0.08444309065294993,-0.5795197039868509,1.3577066267601574,0.5832516133192039,1
2022-10-03,MSFT,0.07661641669651953,-0.5339326213901923,0.3037036322842368,0.47466617816091533,0
2022-10-03,AMZN,-0.6041778376945754,-2.0124052751553747,0.8263439771780251,0.5377649235185135,1
2022-11-01,SPY,0.036086272491677666,0.7302567290266584,0.2522107731466725,0.2782144571664807,1
2022-11-01,QQQ,0.0021417232561789625,0.8532343878385173,0.30771519353473104,0.3778999603637854,1
2022-11-01,TLT,-0.21362374924376543,1.0930189201015703,0.20801876892730967,0.22915857097082587,0
2022-11-01,IEF,-0.10727038050807816,0.5405215486427273,0.10828197204811604,0.10768538103394533,0
2022-11-01,SHY,-0.03239371295361346,0.09649403741273543,0.024450876749093513,0.025272999769621263,0
2022-11-01,GLD,-0.025644066432859516,1.0945559263134377,0.1482423491048363,0.19238111618545337,0
2022-11-01,AAPL,0.09918157547128062,-0.08384656862266748,0.39544195844145275,0.4724008765022426,0
2022-11-01,NVDA,-0.07996188924776526,3.0722519602049454,0.5618423378514374,0.7148062227927122,0
2022-11-01,TSLA,-0.11221658255835676,-1.6494787491309877,1.0430248229609576,0.6958834563498362,1
2022-11-01,MSFT,0.03938137845490497,1.415717522496561,0.39882043388793625,0.44700705017039544,1
2022-11-01,AMZN,-0.6921720822566165,-0.007576967334601559,0.6986877652842268,0.5790375252932078,1
2022-12-01,SPY,0.07824509580283355,-0.7916915064247676,0.25911364593854896,0.1833841596356173,0
2022-12-01,QQQ,0.053950581001068164,-1.23069358973851,0.33678957512789826,0.22640110278362988,0
2022-12-01,TLT,-0.13417983521218343,-0.47479782452331953,0.22407364138727937,0.21867968508226507,1
2022-12-01,IEF,-0.0680845487995458,-0.23564662821497917,0.10931860427939133,0.09429961779661536,1
2022-12-01,SHY,-0.02461730232172143,-0.027810155677554516,0.024883096094428712,0.021520226187977536,1
2022-12-01,GLD,0.04151104688489305,0.23868153957916505,0.16995922039414257,0.148711233676353,1
2022-12-01,AAPL,0.08919824982322122,-1.9917924105902054,0.423847698689747,0.30647730278627877,0
2022-12-01,NVDA,0.10912525620217677,-2.0103552047470834,0.6353262676063915,0.5369940516876615,0
2022-12-01,TSLA,-0.20034376197928394,-6.648195170094206,0.8833789907683159,0.7994251016188937,1
2022-12-01,MSFT,0.12267106133600558,-0.7007255664859584,0.4191207834056415,0.2596952265940124,0
2022-12-01,AMZN,-0.6501124157340878,-1.2214941489958195,0.6268337836876579,0.34734235012799697,1
2023-01-03,SPY,0.026611287275470533,1.098141235726545,0.22610090006488773,0.16562799784656504,1
2023-01-03,QQQ,-0.022569760810537937,2.0070302579642036,0.2905019572056783,0.23986026700468252,0
2023-01-03,TLT,-0.1550966383014743,0.8026689665411162,0.22043783494228134,0.18559247531760165,0
2023-01-03,IEF,-0.07816325897013349,0.3888151493378107,0.10141477219816647,0.09620177125571384,0
2023-01-03,SHY,-0.024807977955551078,0.08267274878927022,0.022668609219370053,0.021756658827536735,0
2023-01-03,GLD,0.05383988339514123,0.4820810781089868,0.15683468852120086,0.15303079874328682,1
2023-01-03,AAPL,-0.035656660919139146,2.2798615235311397,0.3789406917162339,0.22214694919118871,0
2023-01-03,NVDA,-0.018889987231162957,5.195470992583118,0.597589883546212,0.5606040600730563,0
2023-01-03,TSLA,-0.5870635258832713,6.984839440036026,0.8838881076529115,0.7172512955840019,0
2023-01-03,MSFT,0.07368243952446153,1.2556484073558027,0.3482048664866767,0.3575687512511367,1
2023-01-03,AMZN,-0.682970965339577,3.3962707681292557,0.505729256620654,0.4207286030822855,0
2023-02-01,SPY,0.08027834609999192,-0.18274763948872108,0.20059993239272086,0.15759831411979078,0
2023-02-01,QQQ,0.07309127791114972,-0.02060116448442395,0.26804646857657793,0.24707328624685865,0
2023-02-01,TLT,-0.09975674206491571,-0.7032072410163424,0.20405106958883684,0.17521971152072077,1
2023-02-01,IEF,-0.05048428420062934,-0.555152665456975,0.09844641149192308,0.0849151190527272,1
2023-02-01,SHY,-0.018611609222297838,-0.1517615681897011,0.021966125533065112,0.02383129123173368,1
2023-02-01,GLD,0.09425143337298629,-0.6128367611053989,0.14305256149316725,0.13397310855624947,0
2023-02-01,AAPL,0.07561741109663608,0.49110705650032793,0.31765070495084397,0.2808104363362765,1
2023-02-01,NVDA,0.26633862493307076,1.7843671434857606,0.6136348047206085,0.6619684354128579,1
2023-02-01,TSLA,-0.16177182371245885,1.2082104220445369,0.8971148067010966,0.5942547328484502,0
2023-02-01,MSFT,0.11226994545744783,0.17158857406886652,0.33456355512396235,0.330946678647888,1
2023-02-01,AMZN,-0.49395536769123866,-1.1218551107623447,0.4523527947211875,0.46998360489620866,1
2023-03-01,SPY,0.04764935910152853,0.28629218254257705,0.17810198921848183,0.18776750228842715,1
2023-03-01,QQQ,0.046556856034386904,0.9897243252617525,0.2522694231365159,0.20136674161930979,1
2023-03-01,TLT,-0.1470413798137062,0.5410286456655893,0.1859375918280255,0.2166393510178751,0
2023-03-01,IEF,-0.0835192042923272,0.4786450056365328,0.093673898274626,0.13784700986762913,0
2023-03-01,SHY,-0.027352363515169988,0.20531653258350024,0.02396887596238973,0.060076877040074826,0
2023-03-01,GLD,0.046217644616728296,0.9297106896349141,0.13799622135880063,0.20651584256573088,1
2023-03-01,AAPL,0.07134246868583981,1.356830631504045,0.287835123815763,0.21528962865398135,1
2023-03-01,NVDA,0.32087515814849715,2.321626544951273,0.6551540028202755,0.3565439492300769,1
2023-03-01,TSLA,-0.0665366132950743,-0.3219658763752361,0.7589561813621859,0.5229772167666467,1
2023-03-01,MSFT,0.08899062149214824,1.7503219767005112,0.32378597195646486,0.2592435103332615,1
2023-03-01,AMZN,-0.5556209900591885,1.2597349405203109,0.44556828793380654,0.2939261422473185,0
2023-04-03,SPY,0.07490257694233728,-0.07861429099335737,0.17814180524294168,0.12343877622705429,0
2023-04-03,QQQ,0.11237115359459049,-0.09560185316424619,0.22394735796796755,0.15961929418407042,0
2023-04-03,TLT,-0.09379588836019663,-0.015542835034199953,0.19610192526824177,0.20154295126435823,1
2023-04-03,IEF,-0.04428805740902768,0.10899526760659485,0.11493079743857923,0.1082946540198997,0
2023-04-03,SHY,-0.013439762235851622,0.029779562394423476,0.04400300390279378,0.03470467855384776,0
2023-04-03,GLD,0.09938637799880184,0.30379862000005753,0.17160059888320411,0.1456472475121571,1
2023-04-03,AAPL,0.163461254215181,0.10949615804497048,0.2469049955909042,0.19228446184700576,1
2023-04-03,NVDA,0.45230544200282086,-0.0194202925439817,0.5048126634007657,0.32664087430821326,0
2023-04-03,TSLA,-0.07796123715587305,-2.1956287021290475,0.669883276854774,0.4686610445297557,1
2023-04-03,MSFT,0.19439616305405613,0.7505164999587692,0.2894793864473952,0.33752805297840727,1
2023-04-03,AMZN,-0.4420993037260866,0.21788600095680932,0.3694284704433137,0.3932237366985045,0
2023-05-01,SPY,0.07930216821257902,0.07554005759230353,0.15553703716839207,0.1309702186311672,1
2023-05-01,QQQ,0.1119943960839922,0.9409708001406059,0.19972666420415827,0.1775427126274439,1
2023-05-01,TLT,-0.1117193511761458,-0.005743204110182809,0.19779668613992946,0.14927032101604212,1
2023-05-01,IEF,-0.049514827243072226,-0.028213127280262373,0.11005122724100516,0.08657732932598078,1
2023-05-01,SHY,-0.015100171085290872,-0.01875417355722142,0.03967976223972048,0.026284829856907256,1
2023-05-01,GLD,0.0919643590059465,-0.09893458939563482,0.15192411878216006,0.13866170774395267,0
2023-05-01,AAPL,0.1707992098013245,0.5505069712367585,0.22446845685382805,0.20586906476213732,1
2023-05-01,NVDA,0.4561169560110206,3.612179410470875,0.4336639365039406,0.9248134208108362,1
2023-05-01,TSLA,-0.19807324551724248,2.8580196905180517,0.6032715918809489,0.3810050151705344,0
2023-05-01,MSFT,0.2320908290018486,0.88562000460024,0.32757582945663094,0.20329458450045573,1
2023-05-01,AMZN,-0.4170049218230708,2.04172101980101,0.394248503095992,0.25864147853138403,0
2023-06-01,SPY,0.08603873062179695,0.6153442617100793,0.14192610606113198,0.1060096905684189,1
2023-06-01,QQQ,0.16935493405353924,0.6209865400657071,0.18948679145101915,0.16352532057618926,1
2023-06-01,TLT,-0.10421274805435343,-0.11167946158880458,0.16794554945779816,0.14421038182045468,1
2023-06-01,IEF,-0.048004230151809615,-0.26256590923597267,0.09532447116148501,0.08211469766356551,1
2023-06-01,SHY,-0.015997744051143677,-0.12235978923771329,0.03254952008557692,0.024199138562705776,1
2023-06-01,GLD,0.08576259723241403,-0.3446254376970641,0.14101753141233406,0.10884488898298104,0
2023-06-01,AAPL,0.2044288953381482,0.8093209458265807,0.20769991359719964,0.15164009225138564,1
2023-06-01,NVDA,0.6806882161708571,0.8414415200358287,0.7681960635133156,0.37968226603936195,1
2023-06-01,TSLA,-0.003677327636967491,3.738913344904257,0.5106553580407271,0.5136077807518727,0
2023-06-01,MSFT,0.2794079626577553,0.22183208704979537,0.27267784561252906,0.24301143068000497,1
2023-06-01,AMZN,-0.25850713711617035,0.7455679098101471,0.33766900926774873,0.28117147447556007,0
2023-07-03,SPY,0.11698930826324587,0.17462626594475195,0.1248341096990714,0.09549132514482231,1
2023-07-03,QQQ,0.19586392073966524,0.14489644323489026,0.17631961794435955,0.16317667315712103,1
2023-07-03,TLT,-0.10460697360750276,-0.5903895917016384,0.15640719016359608,0.1468591368455886,1
2023-07-03,IEF,-0.060601301241780176,-0.1473205072975019,0.08894122658275368,0.0876125541495125,1
2023-07-03,SHY,-0.022273970506053446,0.01513380254877239,0.02899143866604894,0.02456444116024884,0
2023-07-03,GLD,0.060708479259533585,0.08158598990688137,0.1230797649128716,0.1106680479241616,1
2023-07-03,AAPL,0.2403211471283505,0.015527460800150106,0.18278845621569234,0.13005829439366443,1
2023-07-03,NVDA,0.6902533170438376,0.5743876939528993,0.6092600262112355,0.3544569997643439,1
2023-07-03,TSLA,0.2151895067016987,-1.0453828636865778,0.5252653017763373,0.4702370187068659,0
2023-07-03,MSFT,0.27608870371934324,-0.3375038628387016,0.2569239070011629,0.29177542340394114,0
2023-07-03,AMZN,-0.19957123895280265,-0.14979550242344564,0.3057159716069869,0.27751558195521586,1
2023-08-01,SPY,0.13051993227781045,-0.13672140667278665,0.10546934127380941,0.12877829603670393,0
2023-08-01,QQQ,0.20888048190939493,-0.17006052341404043,0.1615189750002594,0.19012874286020975,0
2023-08-01,TLT,-0.12613136201127767,-0.22248195921189273,0.15316663797440708,0.18195054228720817,1
2023-08-01,IEF,-0.0646568796568195,-0.038486561479869064,0.08848032982001822,0.0832486266577049,1
2023-08-01,SHY,-0.02060261444593556,0.04752604096076185,0.0272577807431548,0.01548493999247777,0
2023-08-01,GLD,0.06510444307093351,-0.007024582211461627,0.11895428445946973,0.06940541210537199,0
2023-08-01,AAPL,0.23899984618617798,-0.4627483027449548,0.1557055261555308,0.269514637448071,0
2023-08-01,NVDA,0.7188941117608253,0.8281239380799277,0.48628697200666887,0.5393122048614365,1
2023-08-01,TSLA,0.16027063290088206,-0.07752388342110095,0.5145922678669606,0.49880462051861424,0
2023-08-01,MSFT,0.258870838222517,-0.25659377910631953,0.27297821597257177,0.1811717058760774,0
2023-08-01,AMZN,-0.17856463288848823,0.36702568980105665,0.2880515074705784,0.3682968865971073,0
2023-09-01,SPY,0.1153950466473864,-0.806493717171918,0.11503732912375375,0.11613095922031968,0
2023-09-01,QQQ,0.18833496815332545,-0.7307986398826953,0.1721080945149866,0.15234166110652891,0
2023-09-01,TLT,-0.14033727583332622,-1.2906795128881234,0.16696778814346389,0.1657201656082853,1
2023-09-01,IEF,-0.06728783993570889,-0.5353794675374841,0.08569518138281013,0.06463251125900303,1
2023-09-01,SHY,-0.018029697021893734,-0.05478452691817015,0.023597024720815714,0.018132027590615066,1
2023-09-01,GLD,0.06028757259400596,-0.7480968677855904,0.09479814980900812,0.08503637197734659,0
2023-09-01,AAPL,0.2062603493436576,-1.104830140195503,0.2104275101540347,0.22776715871867156,0
2023-09-01,NVDA,0.7126889096301215,-1.2572952861831626,0.4941867444688187,0.2978246898645336,0
2023-09-01,TSLA,0.11539838148561712,0.187019517271533,0.5212165594672488,0.4943793698830286,1
2023-09-01,MSFT,0.22821957758978187,-0.5476024459354925,0.22321892320454353,0.21752063505848945,0
2023-09-01,AMZN,-0.13028860087615043,-1.165564836220426,0.30504277705131067,0.34192034441164176,1
2023-10-02,SPY,0.07125890865721612,-0.2486809197478963,0.11702058752846811,0.14323651100109236,0
2023-10-02,QQQ,0.14772462072185963,-0.33256752684733115,0.1617978767970301,0.19061449383486045,0
2023-10-02,TLT,-0.19331597290126126,-0.4421108161556564,0.1664584941501678,0.24679807876587145,1
2023-10-02,IEF,-0.08917950237924172,-0.13064984879324548,0.07698161625587488,0.10415305699043585,1
2023-10-02,SHY,-0.01972964675899207,0.05215154913572162,0.021690760189409655,0.02056456683649249,0
2023-10-02,GLD,0.014765410581409727,0.9926572150828156,0.09603130348922863,0.14944339876232005,1
2023-10-02,AAPL,0.13676885255149723,-0.1953517337239239,0.2192697594581704,0.15944953957270575,0
2023-10-02,NVDA,0.621513974258264,-1.0449432089720765,0.41369395446552926,0.39743021735906636,0
2023-10-02,TSLA,0.13265909643106888,-2.5666915985504564,0.4943865398414617,0.5024373305240873,0
2023-10-02,MSFT,0.20181338552772785,0.6258609390084757,0.21247444339392907,0.2582173338435492,1
2023-10-02,AMZN,-0.16581770816760777,0.41839348626225936,0.3179838856497625,0.42661543932109225,0
2023-11-01,SPY,0.05986720805250724,1.0000523957859797,0.13242161279349576,0.10983130809460988,1
2023-11-01,QQQ,0.13149163987086843,1.0713287623105372,0.1808415737980883,0.1355086295863363,1
2023-11-01,TLT,-0.1941736968708683,1.0856421439924135,0.20907909526674617,0.2019679551035892,0
2023-11-01,IEF,-0.08512763641510787,0.4826441559409198,0.09166912448740391,0.09724043752026922,0
2023-11-01,SHY,-0.015967591716659037,0.0976836839988744,0.02056219290583571,0.023347189325043458,0
2023-11-01,GLD,0.06896472220947227,0.5510263640275683,0.1283210803679321,0.12226657096749804,1
2023-11-01,AAPL,0.12998853215973885,1.1478047193765883,0.19753741531401145,0.14161610653070952,1
2023-11-01,NVDA,0.5494358095782177,1.2379850613940873,0.41599950323948404,0.2829519764171819,1
2023-11-01,TSLA,-0.009048993518928607,1.9069999150742794,0.5026407831240528,0.4740986267441128,0
2023-11-01,MSFT,0.2428596726704054,0.9656515966885859,0.24273604561236592,0.18437406167083875,1
2023-11-01,AMZN,-0.10933572364981493,0.8663772613984468,0.38952772196195756,0.18977024695379438,0
2023-12-01,SPY,0.1139440553073628,0.255867793572361,0.12243491319681837,0.10347754992038263,1
2023-12-01,QQQ,0.18519499162738362,0.2646045067711498,0.15911214499836987,0.13748332923052736,1
2023-12-01,TLT,-0.1200848092869484,0.7326611697723,0.2068417639564216,0.1727262620881459,0
2023-12-01,IEF,-0.05217058578167755,0.2830938513433323,0.09469307945084206,0.07882798367802966,0
2023-12-01,SHY,-0.009346684081334846,0.04720998237213436,0.021645151386000126,0.02346491567882671,0
2023-12-01,GLD,0.09770923262904614,-0.17065176831403672,0.1262345654348074,0.14943042274657728,0
2023-12-01,AAPL,0.1882349484295541,-0.4294808719151959,0.17130627687996883,0.18801213136213846,0
2023-12-01,NVDA,0.5866828283069195,0.24504299894279669,0.35452237361760586,0.2908319312685691,1
2023-12-01,TSLA,0.10065971318565749,0.04149522735093614,0.48478346641780573,0.35660903724884785,1
2023-12-01,MSFT,0.28383609956409844,-0.11587990985669225,0.21500394450827467,0.14476786116330065,0
2023-12-01,AMZN,-0.05318601948028924,0.13500721368689028,0.3042955118489593,0.19495584578934383,0
2024-01-02,SPY,0.12802012974042523,0.4198382970064598,0.11158939867355562,0.11689725763817628,1
2024-01-02,QQQ,0.19721248760075014,0.5736126789929763,0.14776839103868702,0.15461865166974026,1
2024-01-02,TLT,-0.07448048742446936,0.0016722783129372587,0.19053482978335484,0.14642176763999906,0
2024-01-02,IEF,-0.0346953524684626,0.10043685089524823,0.08688278214121258,0.06645008463451753,0
2024-01-02,SHY,-0.006247500484629089,0.03527003650318372,0.022161923093065063,0.018969362417944734,0
2024-01-02,GLD,0.08877921791773503,-0.014723409857952507,0.13321191442497213,0.10033541806808698,0
2024-01-02,AAPL,0.15697819331358626,0.0999031249029887,0.18532483402204092,0.21210206915179833,1
2024-01-02,NVDA,0.5766163141358096,3.2916753188558427,0.32094068523535507,0.30889104047445637,1
2024-01-02,TSLA,0.12487872169871667,-3.1458332265555975,0.4191490754981174,0.4927633408546453,0
2024-01-02,MSFT,0.2619483143713907,1.0355505447890074,0.18468223999748415,0.16661082629222007,1
2024-01-02,AMZN,-0.03600172234793608,0.7523136634148972,0.2550160215021529,0.23051737939724662,0
2024-02-01,SPY,0.14504133660774562,0.5605971836049863,0.11563313496299475,0.1154242067910012,1
2024-02-01,QQQ,0.21885505655147358,0.6271710760306872,0.15193760326649924,0.16351199190336724,1
2024-02-01,TLT,-0.06896571500485424,-0.506680420657255,0.16947577093603095,0.1496536755258687,1
2024-02-01,IEF,-0.026495083688598153,-0.32721796315378704,0.07709980112355908,0.07973194934896292,1
2024-02-01,SHY,-0.0038568097509433055,-0.08771426669342297,0.020631190423303407,0.020705757171605416,1
2024-02-01,GLD,0.0833233530015269,0.35465753384064724,0.11735634407507307,0.11780024943241885,1
2024-02-01,AAPL,0.15335961760369926,-0.7699482799447952,0.19873666401143153,0.13618236118669705,0
2024-02-01,NVDA,0.7327006251674592,3.8519679977832135,0.321869391368567,0.6750198025147404,1
2024-02-01,TSLA,-0.06370699508085073,0.05742131710451126,0.48017934483706476,0.4639146286123629,0
2024-02-01,MSFT,0.3063825366540725,0.34354040958808785,0.1806559195943187,0.18782549056494596,1
2024-02-01,AMZN,0.00978827535384018,1.3636282382231293,0.24230464644688868,0.3457567948188496,1
2024-03-01,SPY,0.17024418584805057,0.14398561378951458,0.11580842832859178,0.09834019270331161,1
2024-03-01,QQQ,0.24560947002152148,-0.11221916038761215,0.15852667078028587,0.14155960637557902,0
2024-03-01,TLT,-0.09064427263498344,-0.3046210399438669,0.1582573526121626,0.12848975554827716,1
2024-03-01,IEF,-0.0418922947353826,-0.13472193608969585,0.07707502566146222,0.06526872822585354,1
2024-03-01,SHY,-0.007953055078765455,-0.04096882599228556,0.020358452692050288,0.022643598639008094,1
2024-03-01,GLD,0.08881926850410002,1.079200889496584,0.11331039685488795,0.1153992774077107,1
2024-03-01,AAPL,0.11772535511969853,-0.715313831181891,0.16257983326120554,0.24533839016473058,0
2024-03-01,NVDA,0.8897512624739604,1.103849310523548,0.5385890549039739,0.4572393440208966,1
2024-03-01,TSLA,-0.006730271157393665,-2.220656246825599,0.44051477419316126,0.4923341351622689,1
2024-03-01,MSFT,0.3103744444227018,0.19193959075236267,0.1813679026117831,0.212675722088334,1
2024-03-01,AMZN,0.08989117085673597,0.18213554046794656,0.2818282432277362,0.18816357193137875,1
2024-04-01,SPY,0.17371192536755944,-0.46382353920859787,0.10544092111715285,0.13503895338565175,0
2024-04-01,QQQ,0.23191419225321222,-0.5445828969469568,0.1464511355800135,0.18790114340705472,0
2024-04-01,TLT,-0.09969956416043407,-0.5652900802635168,0.14740133915669035,0.13745941231320083,1
2024-04-01,IEF,-0.04606257117820791,-0.2697330935661997,0.07341952686093436,0.07410093432171175,1
2024-04-01,SHY,-0.010298573550928685,-0.0278864824663132,0.022848183048575825,0.019169072758162896,1
2024-04-01,GLD,0.1359386560139499,0.24858788128983056,0.1132418661188461,0.188067759696728,1
2024-04-01,AAPL,0.07530392729882346,0.04844068720175709,0.2073202168768862,0.24055703268751147,1
2024-04-01,NVDA,0.9100319258594706,-0.3701425621060035,0.49350537241648434,0.5875205902079684,0
2024-04-01,TSLA,-0.09793873495268657,0.8777111161562461,0.44838097815362904,0.8623680260312907,0
2024-04-01,MSFT,0.309761961464095,-1.0148300156203773,0.19112886844474916,0.2183981723760134,0
2024-04-01,AMZN,0.09710621663679253,-0.3669600871323433,0.23871231788290379,0.27230294328129484,0
2024-05-01,SPY,0.13451951911259105,0.6362334919500165,0.12233536108075847,0.09524413787464038,1
2024-05-01,QQQ,0.1817564966526986,0.8114460995610084,0.16933698622374707,0.11876627700370883,1
2024-05-01,TLT,-0.12321264749878134,0.26009262788024934,0.13905622537627396,0.1173229289796012,0
2024-05-01,IEF,-0.057968492981073136,0.16843376496912743,0.0714563615989319,0.059932847420158156,0
2024-05-01,SHY,-0.012158053695326496,0.06212417054109842,0.020422675872963373,0.013997954829749623,0
2024-05-01,GLD,0.1472409918758271,0.09709637473757571,0.15359266032372018,0.16271214414435245,1
2024-05-01,AAPL,0.06940661554263698,1.5591031973350415,0.22086300576961743,0.24957300659531834,1
2024-05-01,NVDA,0.8077418392084323,3.46572909287371,0.5566262963050881,0.48737077738502455,1
2024-05-01,TSLA,-0.05078246903434912,-0.047856712236496346,0.7149509930347063,0.41227496464026914,1
2024-05-01,MSFT,0.2424242810285048,0.6153521207335433,0.21718774369550245,0.18463793956299346,1
2024-05-01,AMZN,0.08570411829012685,-0.15836024607743937,0.26719370670506365,0.17474795223092074,0
2024-06-03,SPY,0.16278218823195853,0.5288712945335279,0.10903624834430262,0.06650074683365625,1
2024-06-03,QQQ,0.22012156421259502,0.9729445745967591,0.14494766064325978,0.12091185980873417,1
2024-06-03,TLT,-0.09236195314669093,0.04113952505710472,0.1336257031584633,0.17691090998460215,0
2024-06-03,IEF,-0.04254028181452319,0.06886258245033572,0.06635159208663137,0.08339313264988568,0
2024-06-03,SHY,-0.009384869470558966,0.029718806659301933,0.01837693437231169,0.022106356557136907,0
2024-06-03,GLD,0.14971565472900902,0.05888925618034424,0.15761148326780272,0.18472246222962144,1
2024-06-03,AAPL,0.1598297707508142,1.6485511062648284,0.224986083236754,0.33413692228671427,1
2024-06-03,NVDA,0.9924099619021767,-9.4432530797826,0.5429943014080215,3.1754310749878356,0
2024-06-03,TSLA,-0.057156285123391826,4.183349954038325,0.5741868492024214,0.5389662275497636,0
2024-06-03,MSFT,0.25910379243220427,1.3105508163283681,0.20135011571117617,0.13699928212803617,1
2024-06-03,AMZN,0.07762653346711733,1.2620083197605174,0.2209209994221183,0.24731692439603073,1
2024-07-01,SPY,0.17671930760854848,0.13011826773047463,0.09099920787761555,0.14699178809292848,1
2024-07-01,QQQ,0.25116468388887603,-0.24480564861012732,0.13474238647747971,0.2429750649386098,0
2024-07-01,TLT,-0.10055250017078517,0.6444233104690134,0.1558262800464477,0.11979667430635342,0
2024-07-01,IEF,-0.04396414721420022,0.43406873270696744,0.07412412961099109,0.05250059572889169,0
2024-07-01,SHY,-0.00889219095362652,0.15118454263635428,0.02072788750205286,0.013223504764473927,0
2024-07-01,GLD,0.13775812919581604,0.6104804902049099,0.1671510667799641,0.16920870637384108,1
2024-07-01,AAPL,0.23087624144902738,0.3176949686953048,0.2832268901030965,0.23301136869262884,1
2024-07-01,NVDA,0.3817097044659346,-0.47287203333088934,2.1192875451604865,0.7313863278253387,0
2024-07-01,TSLA,0.0728598936530056,1.529846864603909,0.5152862511414709,0.811222272971002,1
2024-07-01,MSFT,0.31456552092305273,-1.0275191020811363,0.18221353090702824,0.2215783469299733,0
2024-07-01,AMZN,0.14496388440348465,-0.609111314491452,0.24432640697936586,0.24516109651653112,0
2024-08-01,SPY,0.16326254271047483,0.46556125546575977,0.1302196814421168,0.18779491011995977,1
2024-08-01,QQQ,0.20451674692262303,0.45487630725206163,0.21111193465173422,0.24489367989165792,1
2024-08-01,TLT,-0.05415566010164108,0.16092986122849418,0.13847914350598547,0.16707635870997475,0
2024-08-01,IEF,-0.015695987958454307,0.11234830333697987,0.0646547727775344,0.08004566468004111,0
2024-08-01,SHY,-0.0008530481154995167,0.08613944154244324,0.01848063962769152,0.025600313268528525,0
2024-08-01,GLD,0.16187367572508152,0.3005692525242334,0.16655031451907287,0.14911047841351338,1
2024-08-01,AAPL,0.22239500379427674,0.5959417406810599,0.25880812472496484,0.22416563473498757,1
2024-08-01,NVDA,0.28442241598325446,1.2564555906724229,1.5812352467320683,0.6252969883535734,1
2024-08-01,TSLA,0.10612386725499778,-0.0066815366410781785,0.6884640769800657,0.5552994484991715,0
2024-08-01,MSFT,0.23411966697131467,0.019668447802726252,0.20708112467838127,0.1978237591026455,1
2024-08-01,AMZN,0.09085971744698403,-0.2777965451782527,0.2503537438226497,0.4301824134157881,0
2024-09-03,SPY,0.1660327305645311,0.36588601763183837,0.16116467172990653,0.1153333934874269,1
2024-09-03,QQQ,0.1971239021028392,0.5275822616899384,0.23298092998134837,0.17640794337720253,1
2024-09-03,TLT,-0.03314371587397272,-0.0062667604483395145,0.14615971664995528,0.1002695669435249,1
2024-09-03,IEF,-0.006049282680200918,0.06110097253339841,0.067816225912683,0.04319192079540343,0
2024-09-03,SHY,0.0023528244026478204,0.04512740622859557,0.021912089291850415,0.018970056057578323,1
2024-09-03,GLD,0.16630652602546894,0.7844215667137524,0.15360132889062508,0.12921411557525472,1
2024-09-03,AAPL,0.22424702535198227,0.2398137851683937,0.24189362830766933,0.23229069407516337,1
2024-09-03,NVDA,0.2708973512920847,1.2504971272730692,1.210182352461392,0.46009714926816214,1
2024-09-03,TSLA,0.08907209534842639,2.1629666451257124,0.6098913985780808,0.5484295612049989,1
2024-09-03,MSFT,0.20862996702736147,0.24018881895840227,0.19870822509188976,0.18793453584798983,1
2024-09-03,AMZN,0.06266353417596156,0.5995652216314156,0.3240631502913325,0.2634865963421683,1
2024-10-01,SPY,0.1775694878607489,0.24169864207631253,0.13988444011038947,0.08683201728076602,1
2024-10-01,QQQ,0.21543380736425655,0.37895172236721075,0.20627780205930688,0.1272266770242482,1
2024-10-01,TLT,-0.02638538486601774,-0.7713365762302149,0.12380273530440893,0.11563498881301872,1
2024-10-01,IEF,-0.0005093286127570496,-0.4489706308278256,0.05668728166711772,0.0540607294214373,1
2024-10-01,SHY,0.004829104773640083,-0.08553199364799946,0.02089133225426868,0.016627329476740935,0
2024-10-01,GLD,0.2019631412758742,0.5728938181376542,0.14467407161482487,0.10206921437722606,1
2024-10-01,AAPL,0.22413907883111542,0.22076638987637276,0.24321168687836214,0.1835208240931388,1
2024-10-01,NVDA,0.31593899165013095,2.1611298918019655,0.9275726672050667,0.34234533654689164,1
2024-10-01,TSLA,0.23155445617588785,0.32926375501933824,0.5644717566704565,0.8979871607695785,1
2024-10-01,MSFT,0.21597363049518528,0.3411972385313806,0.1934745008142759,0.1290962485118831,1
2024-10-01,AMZN,0.09403127440093263,0.5041645210046188,0.29019202841969455,0.20886073422274481,1
2024-11-01,SPY,0.16917012447724059,0.6788637773141364,0.12523998883158957,0.1161206978098433,1
2024-11-01,QQQ,0.21079329715162476,0.7168182164316494,0.18171204410919703,0.15951963795796228,1
2024-11-01,TLT,-0.07913719703500977,0.30576822779652746,0.126495100893715,0.1824295736676307,0
2024-11-01,IEF,-0.03247921882027255,0.123711185276147,0.0595047623106485,0.07378628336331251,0
2024-11-01,SHY,-0.0027590071239776115,0.0016412014658695462,0.02081462356945463,0.019370387593382426,0
2024-11-01,GLD,0.20864949649865322,-0.39043424310056807,0.13197406420966104,0.21481806256503527,0
2024-11-01,AAPL,0.20016520568061968,1.029722518578489,0.21638390730315385,0.14098257880207338,1
2024-11-01,NVDA,0.3978022993044851,0.4902314421310927,0.6935706119453667,0.37478699383434094,1
2024-11-01,TSLA,0.2158941699350178,4.462297624429974,0.752442637265762,0.7981391949379335,1
2024-11-01,MSFT,0.186929806177911,0.6118682954791752,0.23553081530417633,0.18889757153864759,1
2024-11-01,AMZN,0.1377587211939455,0.9517817569013753,0.31176284053112746,0.3068004318989709,1
2024-12-02,SPY,0.19810640902218588,-0.3739623291998355,0.11860878607042445,0.13924723495780414,0
2024-12-02,QQQ,0.23788242148298253,-0.09997853491092279,0.16959266700696904,0.19583979225172551,0
2024-12-02,TLT,-0.051056323503423935,-0.8248697986846505,0.15324667154637697,0.12464492539057788,1
2024-12-02,IEF,-0.021542801566800177,-0.30423150843413493,0.0668865050566701,0.05966485652320319,1
2024-12-02,SHY,-0.002610075438254908,-0.012960294990153276,0.020731229357831785,0.020937469995130985,1
2024-12-02,GLD,0.17411429986652055,0.10708957629815918,0.17720586028763338,0.1437608785413642,1
2024-12-02,AAPL,0.23984263289263183,0.2285935646393944,0.1844683721443992,0.18858533222122506,1
2024-12-02,NVDA,0.39462334885450345,0.0301152375874012,0.5625784337554134,0.3496357265159491,1
2024-12-02,TSLA,0.4673164464649322,0.9555796212771801,0.7574866194175687,0.6957679681050015,1
2024-12-02,MSFT,0.21148381687229434,-0.33302344555807695,0.21706776289415922,0.1881779273249585,0
2024-12-02,AMZN,0.1756770187721082,0.5662623036619445,0.30806608368601446,0.2740196252193088,1
2025-01-02,SPY,0.16514687242313572,0.35626084414412373,0.13199342047960122,0.13954072590876682,1
2025-01-02,QQQ,0.2178287852586928,0.35060996047310233,0.18287741950183115,0.20505375687094782,1
2025-01-02,TLT,-0.09504150056447712,0.12286685133749886,0.14097894888416232,0.10827842129274114,0
2025-01-02,IEF,-0.03759734153354838,0.06902180090338694,0.06379284597633188,0.06054688924010327,0
2025-01-02,SHY,-0.003192926720170803,0.011888029079252682,0.020772765795426106,0.01945345950776677,0
2025-01-02,GLD,0.17044128417443824,0.8153479103592507,0.1603770334013775,0.11863639465158907,1
2025-01-02,AAPL,0.2379692364308427,-0.5077100834383064,0.19082436067112482,0.3175286028827879,0
2025-01-02,NVDA,0.3742251459847727,-1.487327243026951,0.4659356103135991,0.8294884391155545,0
2025-01-02,TSLA,0.49044193419292476,0.5406176495885537,0.7347946004740056,0.5440186266259786,1
2025-01-02,MSFT,0.17913084065214693,-0.12763819573680468,0.2030130169283264,0.3275382479709777,0
2025-01-02,AMZN,0.1963541975930951,1.1606711812461894,0.28753273639536336,0.22204497813605314,1
2025-02-03,SPY,0.17159118771508414,-0.2884109078256336,0.13428675236174037,0.1475966889160456,0
2025-02-03,QQQ,0.21724687345447496,-0.3596456201122389,0.19134706184735825,0.19853853535595478,0
2025-02-03,TLT,-0.08462092732457825,0.3523362813444799,0.12680147842386014,0.15393796085717174,0
2025-02-03,IEF,-0.033197986145018114,0.22912937123895238,0.061757977717396044,0.06920265440642004,0
2025-02-03,SHY,-0.0030597114273216647,0.055661350920916064,0.020797456189752612,0.01756326538574746,0
2025-02-03,GLD,0.20122857278075912,0.449365892828097,0.14290019438964033,0.14658854930510332,1
2025-02-03,AAPL,0.18197903687564385,0.4242718402580197,0.2627304239592805,0.22374719153335493,1
2025-02-03,NVDA,0.25525132476652157,0.23973659815953452,0.6905836284747986,0.5966002874906766,1
2025-02-03,TSLA,0.4771210615058176,-3.636474118325667,0.6428400644017691,0.5648801500440387,0
2025-02-03,MSFT,0.1585335499324823,-0.2734201669005407,0.2836766455807511,0.20026563695710575,0
2025-02-03,AMZN,0.23856564390856186,-1.5204582892349392,0.2527289998349655,0.29381857122776456,0
2025-03-03,SPY,0.1463468525420379,-0.45843421215737923,0.14237276786454642,0.20044587869153052,0
2025-03-03,QQQ,0.17745663853106003,-0.5685313632663274,0.20064383688935636,0.26417593883834034,0
2025-03-03,TLT,-0.04591829521904747,-0.13424775992990812,0.1377545091603153,0.11724248190690176,1
2025-03-03,IEF,-0.01223754874243125,0.0028886703677226677,0.06457303434655809,0.05855240644431553,0
2025-03-03,SHY,0.0009538468450345417,0.008880853261858057,0.019908502321873488,0.01763355146587327,1
2025-03-03,GLD,0.2085716897427629,0.9105758970752169,0.14750831851224291,0.11847582805536759,1
2025-03-03,AAPL,0.2025222895371418,-0.7266068129711631,0.2486915803627027,0.30436314376752305,0
2025-03-03,NVDA,0.23223069421212383,-0.29111097151730725,0.6729431024529859,0.5158979398432385,0
2025-03-03,TSLA,0.25655721175421703,-0.26847806091655047,0.6221165471504186,0.943559086040086,0
2025-03-03,MSFT,0.11195743808490558,-0.16510384889695295,0.23947085773062687,0.2550158952199621,0
2025-03-03,AMZN,0.12753607930030192,-0.7255834454512096,0.2808723501853667,0.3229607107665445,0
2025-04-01,SPY,0.11234178980836484,0.07622847806935032,0.16943922686980323,0.5274207051520099,1
2025-04-01,QQQ,0.13525478180422082,0.3867837793580864,0.2284354200329472,0.5888102140800509,1
2025-04-01,TLT,-0.050271679708844205,-0.35325625217000045,0.12762629208741974,0.20108779579529484,1
2025-04-01,IEF,-0.011115416030043011,-0.0037981561392488317,0.06119394794314108,0.08871626740962432,1
2025-04-01,SHY,0.001389927423027484,0.03087405814215005,0.01924460535519989,0.027412975413606825,1
2025-04-01,GLD,0.24866904216007985,0.4497807621455183,0.13441295296534383,0.30385506003016066,1
2025-04-01,AAPL,0.15110488494821178,-0.2533395821317903,0.27211918859551176,0.7889927820780872,0
2025-04-01,NVDA,0.20149417090974797,0.5384530949532573,0.5891818801150921,0.9137114280226682,1
2025-04-01,TSLA,0.229775587685661,1.090089679057015,0.7769921916638284,1.119162134389387,1
2025-04-01,MSFT,0.09597542888543058,1.4194562251229104,0.24335429943575201,0.5331844190275193,1
2025-04-01,AMZN,0.07907275941040304,0.09446003276621306,0.3011621914186682,0.68117218868074,1
2025-05-01,SPY,0.11197788649025456,0.7285810319226109,0.35725368358671666,0.16927931493641835,1
2025-05-01,QQQ,0.15142701039161005,1.012198287910289,0.41102770770731095,0.19474700088827154,1
2025-05-01,TLT,-0.06691452405804936,-0.47902783371703705,0.16190901906807895,0.1285670761190739,1
2025-05-01,IEF,-0.01054383028786441,-0.17518267946655852,0.07352432752763544,0.06903878628318126,1
2025-05-01,SHY,0.003007628548978085,-0.05504262891723144,0.02426746922368839,0.021681943109707412,0
2025-05-01,GLD,0.2594826271869724,0.5970573403905886,0.2299599756977615,0.2769440790279078,1
2025-05-01,AAPL,0.1311619572759908,-0.6192183187307467,0.5347695353687076,0.3323963149430984,0
2025-05-01,NVDA,0.22242543873570497,2.571979134448502,0.7254871482945391,0.37756820627525844,1
2025-05-01,TSLA,0.2810110955251541,2.5302887401275194,0.9177677573585873,0.4995320947617795,1
2025-05-01,MSFT,0.17365227277195877,1.0037872206172653,0.4120577395594545,0.16071500610506562,1
2025-05-01,AMZN,0.08195525252724074,1.0519090507547597,0.49099941640308237,0.34388550579335825,1
2025-06-02,SPY,0.14666201030762074,0.5541697644207386,0.2783315574817317,0.09930121577771231,1
2025-06-02,QQQ,0.19989784357021587,0.6246310274664886,0.3200613286488209,0.12309158229354061,1
2025-06-02,TLT,-0.08997219104403748,0.3435930615454059,0.14747164560363066,0.1223492740117609,0
2025-06-02,IEF,-0.01967018815232228,0.14784284657904712,0.07115907189726084,0.0613028068836945,0
2025-06-02,SHY,-0.0002746825862304643,0.027879464267925425,0.02353353050067565,0.020971135928862693,0
2025-06-02,GLD,0.2788247622298925,-0.08279347496603906,0.24836646672587065,0.14987116909673054,0
2025-06-02,AAPL,0.08924124054889206,0.6415692266317863,0.43744652277498275,0.19607002038898255,1
2025-06-02,NVDA,0.3546879891712897,1.6627564627172018,0.5807687117275226,0.2775804002643921,1
2025-06-02,TSLA,0.40701823395753434,-0.7021586898490493,0.7384943209378724,0.7566843125575683,0
2025-06-02,MSFT,0.22030961118092635,0.7407345390854174,0.3115538158334215,0.1136852271995401,1
2025-06-02,AMZN,0.13659909674313378,0.7731207805729112,0.4159589915001201,0.2305849493537679,1
2025-07-01,SPY,0.1673088236983953,0.27941826352122057,0.21164637452175084,0.06703517400651017,1
2025-07-01,QQQ,0.21989805844122012,0.3917555725710411,0.24569575981364328,0.07250332421114346,1
2025-07-01,TLT,-0.06120350102068748,-0.16076897591394612,0.1348221342347275,0.11635938831057131,1
2025-07-01,IEF,-0.008753715229035775,-0.047955379382540464,0.06610877080442669,0.05133382159136102,1
2025-07-01,SHY,0.0013667628475487275,0.0015183717418683074,0.023099087593882565,0.011601091796271966,1
2025-07-01,GLD,0.2553595003671382,-0.17223148440101133,0.2089509938571502,0.1307146137109154,0
2025-07-01,AAPL,0.1064500075481314,-0.005054602151791432,0.3402216804565259,0.1404822201751888,0
2025-07-01,NVDA,0.41221274598977614,1.8170523447679638,0.4612673604358641,0.23834338450818013,1
2025-07-01,TSLA,0.3108492148811152,0.4373542468811542,0.7256648835805721,0.5356555517856734,1
2025-07-01,MSFT,0.25162888466381533,0.9850034966302581,0.23851321169602996,0.16399698059273327,1
2025-07-01,AMZN,0.17485223063821456,0.7344231393264367,0.34186878261467657,0.16205827579798684,1
2025-08-01,SPY,0.16153854648229993,0.3584382993717905,0.16195926743119535,0.10663462193297954,1
2025-08-01,QQQ,0.21497390690759155,0.26113165233414826,0.18770391704504422,0.1400595634481605,1
2025-08-01,TLT,-0.058839864528376654,-0.29926669148705853,0.12702524648303568,0.08685191002119533,1
2025-08-01,IEF,-0.004994362705136204,-0.015449975472334732,0.06252014916123863,0.04261423821335488,1
2025-08-01,SHY,0.002566952691120483,0.0030568554006951184,0.018595143563816946,0.017959325604576252,1
2025-08-01,GLD,0.2443339732989904,0.6316369387881293,0.18245560007843556,0.1263469467089659,1
2025-08-01,AAPL,0.08164708099656956,1.5605772916568181,0.2635514197885871,0.27534088274528096,1
2025-08-01,NVDA,0.4735323977893062,-0.17353291158673745,0.3702308690581583,0.25550670449827295,0
2025-08-01,TSLA,0.3029531561927155,1.0775465073968702,0.6243746279831409,0.3568442746876715,1
2025-08-01,MSFT,0.28061732396677314,-0.4317078648115631,0.2149678986541112,0.15058224073655638,0
2025-08-01,AMZN,0.1483356832369422,0.6078912168487633,0.3570334250932986,0.25070150936228514,1
2025-09-02,SPY,0.17215699643044519,0.5192816144704167,0.13590715325042466,0.06306291936577113,1
2025-09-02,QQQ,0.21678854974964548,0.7765143266314842,0.1636666209831856,0.07129287829106284,1
2025-09-02,TLT,-0.0726276686099347,0.5081988190082782,0.11032531629829397,0.10718274989430712,0
2025-09-02,IEF,-0.005585975747953439,0.11831150700500448,0.05441545103942288,0.04119735188835913,0
2025-09-02,SHY,0.0025606934254179905,0.01746994659707779,0.01904469323382124,0.011719738492013146,1
2025-09-02,GLD,0.2671353481730115,1.0815084215729205,0.1598823866136408,0.1189521129937212,1
2025-09-02,AAPL,0.16377135160942996,1.31475256804932,0.2613904101806889,0.2821040578009422,1
2025-09-02,NVDA,0.4352706308548144,1.15321999880796,0.32172978922182865,0.3137560786923398,1
2025-09-02,TSLA,0.34495269105148935,4.117953127469167,0.5105454538400451,0.44101901735769394,1
2025-09-02,MSFT,0.2401355402859959,0.35393500853521775,0.18498751149904616,0.15851108447483725,1
2025-09-02,AMZN,0.17351720290113345,-0.21978698090964466,0.3050523001429288,0.26576190037283387,0
2025-10-01,SPY,0.19163058586378717,0.21248498341798072,0.1058650034045721,0.14319151717172945,1
2025-10-01,QQQ,0.2481824087046722,0.4640353502104183,0.12718118623590627,0.19614924342365053,1
2025-10-01,TLT,-0.04046208010929161,0.173574842639586,0.10628392207584064,0.09221770500300613,0
2025-10-01,IEF,0.0011711835232310391,0.040647600584108545,0.04722312830682478,0.04379767001435398,1
2025-10-01,SHY,0.0033263066450278465,0.021807381346448995,0.01589418853951152,0.013516537405247563,1
2025-10-01,GLD,0.3134255236959869,0.525284213808173,0.14192724333871454,0.3484087154695563,1
2025-10-01,AAPL,0.22886409477392183,0.7548867086827,0.26595566045639835,0.23845836053152808,1
2025-10-01,NVDA,0.4765652722852326,1.0331963754270364,0.3162531342946388,0.37735140586710986,1
2025-10-01,TSLA,0.5579490027095284,-0.3886835816970593,0.48935678396793275,0.5169420779143534,0
2025-10-01,MSFT,0.24689456598602455,0.15552697293875006,0.1683526172606351,0.1863241447204523,1
2025-10-01,AMZN,0.15036614589416278,0.16194423330115804,0.2779666984393206,0.2922180284816049,1
2025-11-03,SPY,0.19553723003517196,0.01996158064860021,0.1196750923510133,0.14702238601121184,1
2025-11-03,QQQ,0.26597074302792817,-0.14249954340557602,0.1573320081514649,0.21021190965804926,0
2025-11-03,TLT,-0.034833470968189666,-0.08698174175885809,0.09783022593875633,0.09456874492115157,1
2025-11-03,IEF,0.00099442084109071,0.0593901216338657,0.0453977282826597,0.04756850193176343,1
2025-11-03,SHY,0.0023640055243864867,0.02042614327825998,0.0169102780148129,0.016699456913815452,1
2025-11-03,GLD,0.31996871107634556,0.5906004945769063,0.26055563423982814,0.17755973805358602,1
2025-11-03,AAPL,0.2520599600025084,0.6676981675344877,0.243792668909524,0.1562830247947059,1
2025-11-03,NVDA,0.5206574148493421,-1.6124765770639335,0.3411057945429443,0.4091460449756591,0
2025-11-03,TSLA,0.5464574092712051,-0.4409868639940764,0.49477217256398326,0.5136861010516389,0
2025-11-03,MSFT,0.2289156668393095,-0.9232639288781468,0.1802730280451873,0.22227826449318167,0
2025-11-03,AMZN,0.245023183874946,-1.025387282096181,0.39681818095627125,0.28806999761889884,0
2025-12-01,SPY,0.1835104915384209,0.03244042519028101,0.13519825030194654,0.08400789261018449,1
2025-12-01,QQQ,0.23806099020226704,-0.0474533116146616,0.18604749101387957,0.13159672578404763,0
2025-12-01,TLT,-0.040340313069044724,-0.21705085602172058,0.098967819847566,0.07228740595301357,1
2025-12-01,IEF,0.0022490149658358394,-0.0652898273925917,0.04781236286659936,0.0372064491882656,0
2025-12-01,SHY,0.0025174981120171967,0.008805189842861166,0.017773530040456495,0.015075131198869282,1
2025-12-01,GLD,0.3423592975547947,0.21930210840305397,0.223787824762107,0.19785518172926464,1
2025-12-01,AAPL,0.2749576725065164,-0.4803399625274509,0.20769568004974548,0.10582943811783174,0
2025-12-01,NVDA,0.40464945090156523,0.47423581083614685,0.3829141351807795,0.29983668844031464,1
2025-12-01,TSLA,0.46909501876349413,0.6054843388444802,0.49671625188445023,0.3852164848245131,1
2025-12-01,MSFT,0.17767325907123366,-0.06256128044113796,0.1983645542289624,0.17441008700921512,0
2025-12-01,AMZN,0.17982802710903387,-0.14400113969523431,0.3594231238059016,0.17165546328040737,0
2026-01-02,SPY,0.17560884230792784,0.1166139781669151,0.11096981238805084,0.10612392842355957,1
2026-01-02,QQQ,0.21972412739359298,0.07646075703083799,0.15824730418486754,0.14524584046471845,1
2026-01-02,TLT,-0.05124936078181895,-0.0335883826190817,0.08555932836337038,0.08800798789839046,1
2026-01-02,IEF,-0.002154039724712909,-0.06823548249397682,0.04206847078451083,0.036788934823097495,1
2026-01-02,SHY,0.0031862183649355993,-0.02455562023013158,0.016257415362299184,0.01360530211437324,0
2026-01-02,GLD,0.33760480716513114,1.7155222461181205,0.2160881648124415,0.5172230840367982,1
2026-01-02,AAPL,0.22957170326931473,-0.039259045958799366,0.16535053492100518,0.2460614926391476,0
2026-01-02,NVDA,0.4164558528178574,-0.5137130592912844,0.3387725279501776,0.28492258447981117,0
2026-01-02,TSLA,0.4554611394813085,-0.37900197985695394,0.43984535745147757,0.3835902215098971,0
2026-01-02,MSFT,0.14832142649487626,-1.584457965146584,0.18719365969671783,0.42146020172811466,0
2026-01-02,AMZN,0.14855031875618557,0.6642987078561249,0.28079234508494705,0.2826139322880099,1
2026-02-02,SPY,0.17840669444599266,-0.17040362883123272,0.10644214497412018,0.13167526096222854,0
2026-02-02,QQQ,0.22245221408567642,-0.2816372889692613,0.14807582898408647,0.18790003368940467,0
2026-02-02,TLT,-0.0523967367484033,0.3598675368908242,0.08682232042867019,0.0966236342019998,0
2026-02-02,IEF,-0.006667453675618529,0.17247966231864797,0.03983889685190729,0.05403295445082543,0
2026-02-02,SHY,0.0016708379045442805,0.007437979580494414,0.015958337743382414,0.019689722817665328,1
2026-02-02,GLD,0.37128693975848415,1.2749187308887242,0.40029861972490705,0.4066305604425986,1
2026-02-02,AAPL,0.2181562363257011,-0.2944314777069552,0.21709711484706337,0.2987862181785415,0
2026-02-02,NVDA,0.3843251906376509,-0.06763993788805056,0.31073188193619383,0.45922651419202654,0
2026-02-02,TSLA,0.4086286049634516,-0.4054423466256414,0.41674999896773335,0.3376545430124404,0
2026-02-02,MSFT,0.06887813679138304,-0.47586236672932714,0.3451042819818457,0.3224982855782521,0
2026-02-02,AMZN,0.18952735349883262,-1.3015536249728634,0.27552265383352675,0.35530555110749285,0
2026-03-02,SPY,0.16098037577290175,-0.6298817551167057,0.11570492360595948,0.18655141905655562,0
2026-03-02,QQQ,0.19252005856927443,-0.6012295328892772,0.16167078844750743,0.22495989881774306,0
2026-03-02,TLT,-0.026136798348225538,-0.38936554282533153,0.09448096397020944,0.12837100700348933,1
2026-03-02,IEF,0.005444395751840589,-0.2072282628168467,0.04949648625151344,0.06604935163315634,0
2026-03-02,SHY,0.0024182708124068975,-0.03463385890172921,0.019117521045265786,0.02011078170520569,0
2026-03-02,GLD,0.44907965110558606,-1.4849637148711867,0.3811743188346889,0.38150427167077555,0
2026-03-02,AAPL,0.19573182945285375,-0.487695089788343,0.2638893931769749,0.19341708099352553,0
2026-03-02,NVDA,0.3582372820058125,-0.4802922265003118,0.38955293678762587,0.3634555052328088,0
2026-03-02,TSLA,0.35963031630674624,-0.9039913672948017,0.3673974124127667,0.38995798415588917,0
2026-03-02,MSFT,0.027865370319829844,-0.8609456461279072,0.33323184026044583,0.22425055358408802,0
2026-03-02,AMZN,0.0808326350146217,0.04550220192683119,0.3003824706761518,0.3320393136936535,1
2026-04-01,SPY,0.12151636265385948,1.1508617276893118,0.16164616189855752,0.11686756147090759,1
2026-04-01,QQQ,0.1558530084308743,1.7329481903693713,0.202853428222386,0.15156953699418507,1
2026-04-01,TLT,-0.049641060982773585,-0.08853227447498879,0.11341448963347234,0.06826615331441419,1
2026-04-01,IEF,-0.009281045561932476,-0.037065142380748206,0.06030477426212034,0.04276357646890837,1
2026-04-01,SHY,-0.0017228197353689996,-0.010070126702120152,0.02142912157233529,0.01702529147395975,1
2026-04-01,GLD,0.3523605060843006,-0.38823292186206304,0.39046927605910275,0.20240297933294144,0
2026-04-01,AAPL,0.16243598533314557,1.1321334057703911,0.23173051217382726,0.25596261549274735,1
2026-04-01,NVDA,0.3154167344700905,1.5170715368346661,0.3798009008666741,0.3406828154015589,1
2026-04-01,TSLA,0.30520233224303267,0.3873853962232148,0.3850422664276104,0.437091690648584,1
2026-04-01,MSFT,-0.02438267397937073,1.4384454837726697,0.2836311561340718,0.33372951226810055,0
2026-04-01,AMZN,0.08602242385746066,2.9576644633621076,0.3165329712349676,0.27482244496686814,1
